Index,Rating,Name,Neighborhood,Area,Price,Price Level,Reviews,Number Reviews,Fuel,PizzaName
1,4,10th Avenue Pizza,Chelsea,Downtown,Cheap,1,Low,4,Gas,1
2,4,11B Express,East Village/LES,Downtown,Cheap,2,Low,14,Gas,1
4,4.5,215 Cucina Napoletana,Brooklyn,Brooklyn,Cheap,1,Low,5,Gas,1
5,4,44 1/2,Midtown West,Midtown,Expensive,4,Low,25,Gas,1
6,4,44 Southwest,Midtown West,Midtown,Expensive,3,Medium,53,Gas,1
7,5,94 Deli & Salad,SoHo,Downtown,Cheap,1,Low,1,Gas,1
8,4,99 Cent Fresh Pizza,Chelsea,Downtown,Cheap,1,Low,6,Gas,1
9,3,99 Cent Fresh Pizza,Midtown East,Midtown,Cheap,1,Low,3,Gas,1
10,3.5,9th Avenue Pizzeria,Midtown West,Midtown,Cheap,1,Low,22,Gas,0
11,2.5,A Slice of New York,Midtown West,Midtown,Cheap,1,Low,7,Gas,1
12,3.5,A-1 Pizza Shop,East Village/LES,Downtown,Cheap,2,Low,8,Gas,1
13,4,"Abbondanza's",Village,Downtown,Cheap,1,Medium,49,Gas,1
14,3,"Abitino's Pizzeria",Chelsea,Downtown,Cheap,2,Low,7,Gas,0
15,3.5,"Abitino's Pizzeria",Murray Hill,Downtown,Cheap,2,Low,9,Gas,0
16,3.5,"Abitino's Pizzeria",Midtown East,Midtown,Cheap,2,Low,9,Gas,0
17,4,"Abitino's Pizzeria",Upper East Side,Uptown,Expensive,3,Low,4,Gas,0
18,3.5,Accademia di Vino,Midtown East,Midtown,Expensive,5,Low,26,Gas,1
19,4,Acqua at Peck Slip,SoHo,Downtown,Expensive,4,Low,33,Gas,1
20,3.5,Adriana Pizzeria,Murray Hill,Downtown,Cheap,1,Low,6,Gas,0
21,4,Adriatic Italian Restaurant,Murray Hill,Downtown,Expensive,3,Low,28,Gas,1
22,3.5,"Adrienne's Pizza Bar",SoHo,Downtown,Cheap,2,High,75,Wood,1
23,4,Al Forno,Upper East Side,Uptown,Expensive,3,Medium,47,Wood,1
24,3,Albanese Pizza,Brooklyn,Brooklyn,Expensive,3,Low,8,Gas,1
25,4.5,Alia Restaurant,Brooklyn,Brooklyn,Expensive,3,Low,7,Gas,1
26,4,Ambrosia,Midtown West,Midtown,Cheap,2,Low,5,Gas,1
27,4,Amici 36,Midtown West,Midtown,Cheap,1,Low,1,Gas,1
28,3.5,Amorina,Brooklyn,Brooklyn,Cheap,2,Low,9,Gas,1
30,3.5,"Andrew's Coffee Shop",Chelsea,Downtown,Cheap,1,Low,7,Gas,1
31,3.5,"Angelo's Pizza",Midtown East,Midtown,Cheap,2,Low,32,Gas,1
32,3.5,"Angelo's Pizza",Midtown West,Midtown,Cheap,2,Medium,55,Coal,1
33,3.5,Anna Maria Pizza,Brooklyn,Brooklyn,Cheap,2,Low,7,Gas,1
34,4,"Anthony's Pizza",Brooklyn,Brooklyn,Expensive,3,Low,23,Gas,1
36,4,Apizz,East Village/LES,Downtown,Expensive,4,Low,28,Wood,1
38,3.5,Arte Cafe,Upper West Side,Uptown,Expensive,4,High,86,Gas,1
39,3,Artichoke Pizza,East Village/LES,Downtown,Cheap,2,Low,18,Gas,1
40,4,"Arturo's",Village,Downtown,Expensive,3,Low,31,Coal,1
41,3.5,"Arturo's Pizza",Upper East Side,Uptown,Cheap,1,Low,19,Gas,1
42,3,Bagels & Plus,Chelsea,Downtown,Cheap,1,Low,7,Gas,1
43,3.5,Bar Tano,Brooklyn,Brooklyn,Cheap,2,Low,6,Gas,1
44,4,Barosa,Brooklyn,Brooklyn,Expensive,3,Low,2,Gas,1
45,5,BB&R,Upper East Side,Uptown,Cheap,2,Low,1,Gas,1
46,3.5,Bella Blu,Upper East Side,Uptown,Expensive,4,Low,17,Wood,1
47,4,Bella Cucina,Upper East Side,Uptown,Expensive,3,Medium,46,Gas,1
48,3,Bella Luna,Midtown East,Midtown,Expensive,3,Low,2,Gas,1
49,5,Bella Maria,Brooklyn,Brooklyn,Cheap,2,Low,2,Gas,1
50,3.5,Bella Napoli,Chelsea,Downtown,Cheap,2,Low,7,Gas,1
51,3.5,Bella Napoli,Midtown West,Midtown,Expensive,4,Low,15,Gas,1
52,4,Bella Napoli,Murray Hill,Downtown,Expensive,3,Low,14,Wood,1
53,1,Bella Pizzeria & Restaurant,Brooklyn,Brooklyn,Cheap,2,Low,1,Gas,0
54,3.5,Bella Vita,Midtown West,Midtown,Expensive,3,Medium,36,Gas,1
55,4,Bella Vita,Midtown West,Midtown,Expensive,3,Low,10,Gas,1
56,3.5,Bellini,Upper West Side,Uptown,Expensive,3,Low,13,Gas,1
57,3.5,Belmora,Midtown East,Midtown,Cheap,2,Low,9,Gas,1
58,4,"Ben's Pizza",Village,Downtown,Expensive,3,Low,11,Gas,1
59,4,Benjamin Restaurant & Bar,Murray Hill,Downtown,Expensive,3,Low,24,Gas,1
60,4.5,Best Of The West,Chelsea,Downtown,Cheap,1,Low,7,Gas,1
61,3.5,Best Pizza on 1st,Midtown East,Midtown,Cheap,2,Low,14,Gas,1
62,4,Bettola,Upper West Side,Uptown,Expensive,4,Low,27,Gas,1
63,3.5,"Big Nick's",Upper West Side,Uptown,Cheap,2,Low,32,Gas,1
64,3.5,"Big Nick's",Upper West Side,Uptown,Cheap,2,Medium,58,Gas,1
65,3.5,Bite Me Best,East Village/LES,Downtown,Expensive,3,Low,22,Gas,1
66,3,Blake & Todd,Midtown West,Midtown,Expensive,3,Low,13,Gas,1
68,4,Bleecker Street Pizza,Village,Downtown,Cheap,2,Medium,39,Gas,1
69,3.5,Bocca,Midtown West,Midtown,Cheap,2,Low,18,Gas,1
70,3.5,Bowery Eats,Chelsea,Downtown,Cheap,2,Low,3,Gas,1
71,3.5,Bravo Pizza,Murray Hill,Downtown,Cheap,1,Low,11,Gas,1
72,3.5,Bravo Pizza,Murray Hill,Downtown,Cheap,1,Low,9,Gas,1
73,3.5,Bravo Pizza,Chelsea,Downtown,Cheap,2,Low,5,Gas,1
74,3,Bravo Pizza,Chelsea,Downtown,Cheap,2,Low,3,Gas,1
76,3.5,Bread Factory Cafe,Midtown West,Midtown,Cheap,1,Low,18,Gas,1
77,3.5,Bread Factory Cafe,Chelsea,Downtown,Cheap,1,Low,14,Gas,1
78,3.5,Bread Tribeca,SoHo,Downtown,Expensive,3,Low,23,Wood,1
79,4,"Brendan's Bar & Grill",Chelsea,Downtown,Expensive,3,Low,29,Gas,1
80,3,Bricco,Midtown West,Midtown,Expensive,3,Low,16,Wood,1
81,3.5,Brick Oven Pizza 33,Murray Hill,Downtown,Cheap,1,Medium,61,Gas,1
82,3,Brick Oven Pizza 33,Chelsea,Downtown,Expensive,3,Low,21,Gas,1
86,3.5,Broadway Pizza & Restaurant,Upper West Side,Uptown,Cheap,2,Low,17,Gas,1
87,3,Broadway Pizzeria & Coffee Shop,Harlem,Uptown,Cheap,1,Low,1,Gas,0
88,3.5,"Broadway's Jerusalem II",Chelsea,Downtown,Cheap,1,Low,30,Gas,1
89,4,Cacio e Vino,East Village/LES,Downtown,Expensive,3,Low,11,Wood,1
90,4,"Caesar's Palace Pizza",Upper West Side,Uptown,Cheap,1,Low,13,Gas,1
91,4,Cafe 34,Chelsea,Downtown,Cheap,1,Low,3,Gas,1
92,2.5,"Cafe Amore's",SoHo,Downtown,Expensive,3,Low,12,Gas,1
93,2,"Cafe Amore's",Village,Downtown,Expensive,3,Low,7,Gas,1
94,4,Cafe Bonjour,Murray Hill,Downtown,Cheap,1,Low,13,Gas,1
95,5,Cafe Bonjour,Chelsea,Downtown,Cheap,1,Low,3,Gas,1
96,3,"Cafe Daniello's",Midtown East,Midtown,Expensive,3,Low,5,Gas,1
97,3.5,Cafe Fiorello,Upper West Side,Uptown,Expensive,5,Medium,40,Gas,1
98,2.5,Cafe Fonduta,Midtown East,Midtown,Cheap,1,Low,2,Gas,1
99,3.5,Cafe Health Exchange,SoHo,Downtown,Cheap,2,Low,5,Gas,1
100,4,Cafe Roma,Upper West Side,Uptown,Cheap,1,Low,9,Gas,1
101,3.5,Cafe Rustico,Murray Hill,Downtown,Cheap,2,Low,27,Gas,1
102,3.5,Cafe Rustico II,Chelsea,Downtown,Expensive,3,Low,12,Gas,1
103,3.5,Cafe Viva,Upper West Side,Uptown,Cheap,2,Medium,54,Gas,1
104,4,Caffe del Mare,Village,Downtown,Expensive,4,Low,9,Gas,1
105,4,California Pizza,Village,Downtown,Cheap,2,Low,7,Gas,1
106,3.5,California Pizza Kitchen,Upper East Side,Uptown,Expensive,3,Low,7,Gas,1
107,2.5,California Pizza Kitchen,Murray Hill,Downtown,Expensive,3,Low,9,Gas,1
108,3.5,Campo,Upper West Side,Uptown,Expensive,3,Low,22,Gas,1
109,4,"Carmine's Pizzeria",Brooklyn,Brooklyn,Cheap,2,Low,6,Gas,0
110,4.5,Carmines,Brooklyn,Brooklyn,Cheap,1,Low,1,Gas,1
111,3,Caruso,Brooklyn,Brooklyn,Cheap,2,Low,2,Gas,1
112,3,"Caruso's",SoHo,Downtown,Cheap,1,Low,11,Gas,1
113,4,Casabianca,Midtown West,Midtown,Cheap,2,Low,10,Gas,1
114,3.5,Casanova,Brooklyn,Brooklyn,Expensive,3,Low,7,Gas,1
115,3.5,Cascina Ristorante,Midtown West,Midtown,Expensive,4,Low,20,Wood,1
116,4.5,Caserta Vecchia,Brooklyn,Brooklyn,Expensive,3,Low,5,Gas,1
117,3.5,Celeste,Upper West Side,Uptown,Expensive,3,Medium,57,Wood,1
118,3,CentoPizze,East Village/LES,Downtown,Cheap,2,Low,3,Gas,0
119,3,"Cha Cha's in Bocca al Lupo",SoHo,Downtown,Expensive,3,Low,14,Gas,1
120,4,"Charlie's Pizza",Harlem,Uptown,Cheap,1,Low,1,Gas,1
121,4,"Che' Bella Pizza",Harlem,Uptown,Cheap,2,Low,5,Gas,1
122,3,Cheesy Pizza,Upper West Side,Uptown,Cheap,2,Low,28,Gas,1
123,3.5,"Chef's Kitchen",Midtown East,Midtown,Cheap,1,Low,7,Gas,1
124,4,ChickenBar Pizza,Village,Downtown,Expensive,3,Low,1,Gas,1
125,4,"Christina's",Murray Hill,Downtown,Expensive,3,Low,18,Gas,1
126,2.5,Ciao Bella Pizzeria,East Village/LES,Downtown,Cheap,2,Low,3,Gas,0
127,3,City 75,Midtown West,Midtown,Cheap,1,Low,4,Gas,1
128,3.5,City Cafe,Midtown West,Midtown,Cheap,1,Low,1,Gas,1
129,3.5,City Market Cafe,Upper East Side,Uptown,Cheap,2,Low,3,Gas,1
130,3.5,City Market Cafe,Midtown West,Midtown,Cheap,1,Low,4,Gas,1
131,2.5,City Market Cafe,Chelsea,Downtown,Cheap,1,Low,2,Gas,1
132,3,City Pie,Upper West Side,Uptown,Cheap,1,Low,14,Gas,1
133,4,Classic Pizzeria,Murray Hill,Downtown,Cheap,1,Low,4,Gas,0
134,3.5,Claudio Pizzeria,Midtown West,Midtown,Cheap,1,Low,14,Gas,0
135,4,Clinton St. Pizza,East Village/LES,Downtown,Cheap,2,Low,7,Gas,1
137,4,Columbus Gourmet Food,Upper West Side,Uptown,Cheap,1,Low,3,Gas,1
138,4,Como Pizza,Harlem,Uptown,Cheap,1,Low,7,Gas,1
139,3.5,"Coppola's",Upper West Side,Uptown,Expensive,3,Medium,39,Gas,1
140,3.5,"Coppola's",Murray Hill,Downtown,Expensive,4,Medium,40,Gas,1
141,4,"Cordato's New York",SoHo,Downtown,Cheap,1,Low,11,Gas,1
142,4,Covo,Harlem,Uptown,Cheap,2,Low,17,Gas,1
143,4,Cranberry Deli,Midtown West,Midtown,Cheap,1,Low,23,Gas,1
144,3,Crispy Pizza Cafe,Chelsea,Downtown,Cheap,1,Low,4,Gas,1
145,3.5,Crocodile Lounge,East Village/LES,Downtown,Cheap,1,Low,1,Gas,1
147,3.5,Cucina Bene,SoHo,Downtown,Cheap,2,Low,5,Gas,1
148,4,Cucina Gourmet,Midtown West,Midtown,Cheap,1,Low,3,Gas,1
149,4,Da Ciro,Murray Hill,Downtown,Expensive,5,Low,24,Gas,1
150,3.5,Da Nico,SoHo,Downtown,Expensive,3,Medium,45,Wood,1
151,4,Da Vinci,SoHo,Downtown,Expensive,3,Low,1,Gas,1
152,3.5,"Daniela's",Midtown West,Midtown,Expensive,3,Low,31,Gas,1
153,3.5,"Daniello's",Upper West Side,Uptown,Expensive,3,Low,12,Gas,1
154,3,"Dean's",Midtown East,Midtown,Expensive,3,Low,26,Wood,1
155,3,"Dean's",Upper West Side,Uptown,Expensive,3,Medium,42,Wood,1
156,4,"Dean's",SoHo,Downtown,Expensive,3,Low,11,Wood,1
157,3.5,Del Pallaro,Chelsea,Downtown,Cheap,1,Low,3,Gas,1
158,4,Delizia 92,Upper East Side,Uptown,Expensive,3,Low,25,Gas,1
159,3.5,Delizia Ristorante & Pizza,Upper East Side,Uptown,Expensive,3,Low,29,Gas,1
161,4,Domani,Murray Hill,Downtown,Expensive,3,Low,4,Gas,1
162,4,Don Filippo,Upper East Side,Uptown,Expensive,3,Low,12,Gas,1
163,3.5,Don Giovanni Ristorante,Chelsea,Downtown,Expensive,3,Low,27,Gas,1
164,3.5,Don Giovanni Ristorante,Midtown West,Midtown,Expensive,3,Medium,49,Gas,1
165,4,"Dreamer's Pizza",Harlem,Uptown,Expensive,3,Low,6,Gas,1
166,4,Driggs Pizza,Brooklyn,Brooklyn,Cheap,2,Low,13,Gas,1
167,3.5,Due Amici,Village,Downtown,Expensive,3,Low,16,Gas,1
168,3.5,Due Amici,East Village/LES,Downtown,Cheap,2,Low,12,Gas,1
169,4,East Village Pizza & Kebabs,East Village/LES,Downtown,Cheap,2,Low,3,Gas,1
170,3,Ecco-La,Upper East Side,Uptown,Expensive,3,Low,25,Wood,1
171,3,"El Nido's",Midtown West,Midtown,Expensive,3,Low,3,Gas,1
172,4,El Pique Pizza,Harlem,Uptown,Expensive,3,Low,2,Gas,1
173,4,Eleven b,East Village/LES,Downtown,Cheap,2,Low,10,Gas,1
174,4,"Emma's Dilemma",Murray Hill,Downtown,Cheap,1,Low,6,Gas,1
175,3.5,Empire City Bagel,Chelsea,Downtown,Cheap,1,Low,15,Gas,1
176,3,Empire Pizza,Chelsea,Downtown,Cheap,2,Low,1,Gas,1
177,5,Energy Fuel,Brooklyn,Brooklyn,Cheap,2,Low,2,Gas,1
178,3.5,"Enzo's",East Village/LES,Downtown,Cheap,2,Low,7,Gas,1
179,3.5,Exclusive Pizza,Harlem,Uptown,Expensive,3,Low,9,Gas,1
180,3,Fairway Cafe,Upper West Side,Uptown,Expensive,4,Low,17,Gas,1
181,2.5,Famous Amadeus,Chelsea,Downtown,Cheap,2,Low,8,Gas,1
182,3.5,"Famous Ben's Pizza",SoHo,Downtown,Expensive,4,Low,20,Gas,1
183,4,Famous Famiglia,Upper East Side,Uptown,Cheap,2,Low,5,Gas,1
184,4,Famous Famiglia,Upper West Side,Uptown,Cheap,1,Low,15,Gas,1
185,4,Famous Famiglia,Upper West Side,Uptown,Cheap,2,Low,12,Gas,1
186,3,Famous Famiglia,Midtown West,Midtown,Cheap,2,Low,6,Gas,1
187,3.5,Famous Famiglia,Midtown West,Midtown,Cheap,1,Low,6,Gas,1
188,4.5,Famous Famiglia Pizza,Harlem,Uptown,Cheap,1,Low,3,Gas,1
189,3,Famous Famiglia Pizzeria,Upper West Side,Uptown,Expensive,3,Low,2,Gas,0
190,3.5,Famous Famiglia Pizzeria,Harlem,Uptown,Cheap,1,Low,4,Gas,0
191,3.5,Famous Italian Mexican,Upper West Side,Uptown,Cheap,1,Low,6,Gas,1
192,3,"Famous Original Ray's Pizza",Upper West Side,Uptown,Expensive,3,Low,9,Gas,1
193,3.5,"Famous Original Ray's Pizza",Upper East Side,Uptown,Cheap,1,Low,5,Gas,1
194,3,"Famous Original Ray's Pizza",Upper East Side,Uptown,Expensive,3,Low,10,Gas,1
195,3,"Famous Original Ray's Pizza",East Village/LES,Downtown,Cheap,2,Low,5,Gas,1
196,2,"Famous Original Ray's Pizza",East Village/LES,Downtown,Cheap,1,Low,3,Gas,1
197,3.5,"Famous Original Ray's Pizza",Midtown West,Midtown,Cheap,1,Low,9,Gas,1
198,3.5,"Famous Original Ray's Pizza",Murray Hill,Downtown,Expensive,3,Low,10,Gas,1
199,3.5,"Famous Original Ray's Pizza",Midtown West,Midtown,Expensive,3,Low,9,Gas,1
200,3.5,"Famous Original Ray's Pizza",Midtown West,Midtown,Expensive,3,Low,5,Gas,1
201,4.5,"Famous Original Ray's Pizza",Chelsea,Downtown,Expensive,3,Low,11,Gas,1
202,3.5,"Famous Ray's",Village,Downtown,Cheap,1,Low,15,Gas,1
203,3,Fascati Pizza,Brooklyn,Brooklyn,Cheap,2,Low,7,Gas,1
204,3,"Fat Sal's",Upper East Side,Uptown,Cheap,2,Low,12,Gas,1
205,4,"Fat Sal's Pizza",Chelsea,Downtown,Cheap,2,Low,3,Gas,1
206,3,"Fat Sal's Pizza",Chelsea,Downtown,Cheap,2,Low,8,Gas,1
207,3.5,"Fat Sal's Pizza",Midtown West,Midtown,Cheap,2,Low,4,Gas,1
208,4,"Fat Sal's Pizza",Chelsea,Downtown,Cheap,2,Low,4,Gas,1
209,3.5,Figaro,Midtown West,Midtown,Cheap,2,Low,14,Gas,1
210,3.5,Figaro Pizza,Upper East Side,Uptown,Cheap,1,Low,8,Gas,1
211,4,Finest Pizzeria & Deli,Harlem,Uptown,Cheap,1,Low,2,Gas,0
212,3.5,Finestra,Upper East Side,Uptown,Expensive,3,Low,21,Gas,1
214,4,Five Roses Pizza,East Village/LES,Downtown,Cheap,2,Low,12,Gas,1
215,3.5,"Fivo's Pizzeria",Harlem,Uptown,Cheap,1,Low,6,Gas,0
216,3.5,"Flaco's",Harlem,Uptown,Cheap,1,Low,2,Gas,1
217,3.5,"Florio's Grill & Cigar Bar",SoHo,Downtown,Expensive,3,Low,1,Gas,1
218,3.5,Food Exchange,Chelsea,Downtown,Cheap,1,Low,2,Gas,1
219,4,Food Topic,SoHo,Downtown,Cheap,1,Low,2,Gas,1
220,4.5,Food Trends,Murray Hill,Downtown,Cheap,1,Low,7,Gas,1
221,4,FoodWorks,Chelsea,Downtown,Cheap,1,Low,2,Gas,1
222,3.5,Fornino,Brooklyn,Brooklyn,Cheap,2,Low,25,Wood,1
223,4,"Francesca's",Upper East Side,Uptown,Expensive,3,Low,12,Gas,1
224,4,Francesco,Upper West Side,Uptown,Expensive,4,Low,25,Gas,1
225,4,"Frank's Pizza",Murray Hill,Downtown,Cheap,1,Low,19,Gas,1
226,3.5,"Frank's Trattoria",Murray Hill,Downtown,Cheap,2,Low,18,Gas,1
227,3,"Franny's",Brooklyn,Brooklyn,Expensive,3,Medium,37,Wood,1
228,4,Fratelli Brick Oven Pizza,Upper East Side,Uptown,Expensive,4,Low,12,Gas,1
229,3.5,Fratelli Brick Pizza Joint,Brooklyn,Brooklyn,Expensive,3,Low,3,Gas,1
230,4,"Fred's At Barneys New York",Upper East Side,Uptown,Expensive,4,Low,6,Gas,1
231,3.5,"Freddie and Pepper's",Upper West Side,Uptown,Expensive,3,Low,21,Gas,1
232,3,Fresco on the go,Midtown East,Midtown,Cheap,2,Low,5,Gas,1
233,3.5,Fresh Food Kitchen,Upper East Side,Uptown,Cheap,1,Low,8,Gas,1
234,3.5,Friendly Pizzeria,SoHo,Downtown,Cheap,1,Low,2,Gas,0
235,4,Friends Pizza Cafe,Brooklyn,Brooklyn,Cheap,2,Low,5,Gas,1
236,3.5,Front Street Pizza,Brooklyn,Brooklyn,Cheap,2,Low,8,Gas,1
237,4,"Gaetana's",Village,Downtown,Expensive,3,Low,26,Gas,1
239,3,"GB - Garlic Bob's",Upper West Side,Uptown,Cheap,2,Low,14,Gas,1
240,3,Gemma,East Village/LES,Downtown,Expensive,4,Low,30,Gas,1
241,4,Gente,Midtown East,Midtown,Expensive,4,Low,22,Gas,1
242,4,"George's",Harlem,Uptown,Cheap,1,Low,8,Gas,1
243,4,"Georgio's",Harlem,Uptown,Expensive,3,Low,2,Gas,1
244,5,Georgios Pizzeria,SoHo,Downtown,Cheap,2,Low,2,Gas,0
245,2.5,Gigi Cafe & Grill,Upper West Side,Uptown,Cheap,2,Low,3,Gas,1
246,3.5,Gigino Trattoria,SoHo,Downtown,Expensive,4,Low,21,Gas,1
247,3,"Gino's",SoHo,Downtown,Cheap,2,Low,1,Gas,1
248,4,"Gino's",Upper East Side,Uptown,Expensive,3,Low,35,Gas,1
249,4.5,"Gino's Pizzeria",Brooklyn,Brooklyn,Cheap,2,Low,1,Gas,0
250,4,"Gino's Pizzeria",Brooklyn,Brooklyn,Cheap,2,Low,3,Gas,0
251,4,"Giorgio's Pizza",Upper East Side,Uptown,Expensive,3,Low,24,Gas,1
252,3.5,Giorgione,SoHo,Downtown,Expensive,5,Low,25,Wood,1
253,3.5,"Giovanna's",Harlem,Uptown,Expensive,4,Low,8,Gas,1
254,3.5,"Giovanni's",Upper West Side,Uptown,Cheap,2,Low,18,Gas,1
255,2.5,"Giuliano's",SoHo,Downtown,Cheap,1,Low,2,Gas,1
256,4,"Giuseppe's Pizzeria",Murray Hill,Downtown,Cheap,1,Low,7,Gas,0
257,3.5,Gnocco,East Village/LES,Downtown,Expensive,3,Medium,44,Gas,1
258,3.5,Gonzo,Village,Downtown,Expensive,4,Low,32,Gas,1
259,4,Gotham Pizza,Upper East Side,Uptown,Cheap,1,Low,26,Gas,1
260,4,"Grace's Trattoria",Upper East Side,Uptown,Expensive,4,Low,23,Gas,1
261,4.5,Grandaisy Bakery,SoHo,Downtown,Cheap,2,Low,3,Gas,1
262,5,Grandaisy Bakery,Upper West Side,Uptown,Cheap,2,Low,2,Gas,1
263,3,"Grandpa's Brick Oven Pizza",Harlem,Uptown,Cheap,2,Low,5,Gas,1
264,4,Grano Trattoria,Village,Downtown,Expensive,4,Low,29,Wood,1
265,3.5,Great Burrito,Chelsea,Downtown,Cheap,1,Low,9,Gas,1
266,3,"Grimaldi's",Brooklyn,Brooklyn,Expensive,3,Medium,44,Coal,1
267,4,Gyro II,Chelsea,Downtown,Cheap,1,Low,9,Gas,1
268,3,Halal J. F. K.,Harlem,Uptown,Cheap,1,Low,5,Gas,1
269,3.5,"Hana's Pizza",Upper East Side,Uptown,Cheap,1,Low,12,Gas,1
270,3,Healthy Choice,Chelsea,Downtown,Cheap,1,Low,1,Gas,1
271,3.5,Heights Cafe,Brooklyn,Brooklyn,Expensive,3,Low,11,Gas,1
272,3.5,Hot & Crusty,Upper East Side,Uptown,Cheap,2,Low,2,Gas,1
273,3.5,I Coppi,East Village/LES,Downtown,Expensive,4,Low,27,Gas,1
274,3.5,I Heart New York Pizza,Harlem,Uptown,Cheap,1,Low,2,Gas,1
275,4,"III L's Pizzeria (fka Downtown Pizza)",SoHo,Downtown,Cheap,1,Low,2,Gas,1
276,3,Il Brigante,SoHo,Downtown,Expensive,3,Low,8,Wood,1
277,3.5,Il Corallo Trattoria,SoHo,Downtown,Cheap,2,High,81,Gas,1
278,2.5,Il Forno,Murray Hill,Downtown,Cheap,2,Low,3,Gas,1
279,4.5,Il Mattone,SoHo,Downtown,Expensive,4,Medium,50,Gas,1
281,3,"Isabella's Oven",East Village/LES,Downtown,Cheap,2,Medium,37,Wood,1
282,4,"Isadora's Cafe",Midtown East,Midtown,Cheap,1,Low,6,Gas,1
283,5,Italian Cafe,Harlem,Uptown,Cheap,2,Low,2,Gas,1
284,4,Italian Pizza,Harlem,Uptown,Cheap,1,Low,1,Gas,1
285,4,Italian Village,Upper East Side,Uptown,Expensive,3,Low,33,Gas,1
287,4,"J's Pizza",Chelsea,Downtown,Cheap,2,Low,14,Gas,1
289,4,Joe G,Midtown West,Midtown,Expensive,3,Medium,40,Gas,1
290,4,"Joe's Pizza",Village,Downtown,Cheap,1,Low,21,Gas,1
291,3.5,"Joe's Pizza",Brooklyn,Brooklyn,Cheap,1,Low,11,Gas,1
292,3.5,"Joe's Pizza",Brooklyn,Brooklyn,Cheap,1,Low,5,Gas,1
294,3,"John & Tony's",Upper East Side,Uptown,Cheap,2,Low,13,Gas,1
295,4,"John & Tony's West",Chelsea,Downtown,Cheap,2,Low,10,Gas,1
296,4.5,"John's Deli",Murray Hill,Downtown,Cheap,1,Low,1,Gas,1
297,4,"John's of Bleecker Street",Village,Downtown,Cheap,2,Low,28,Coal,1
298,3.5,"John's Pizzeria",Upper East Side,Uptown,Cheap,2,Low,33,Coal,0
299,4,"John's Pizzeria",Midtown West,Midtown,Cheap,2,High,83,Coal,0
300,3.5,"Johnny's Pizza",Murray Hill,Downtown,Cheap,1,Low,6,Gas,1
301,4.5,Jumbo Pizza Coffee Shop,Upper West Side,Uptown,Cheap,1,Low,14,Gas,1
302,4,JV Pizza & Tacos,Brooklyn,Brooklyn,Cheap,1,Low,1,Gas,1
303,3,King Pizza & Pasta,Brooklyn,Brooklyn,Cheap,2,Low,4,Gas,1
304,4,"King's Pizza",Harlem,Uptown,Cheap,1,Low,6,Gas,1
305,3.5,Kito Gourmet Deli,Chelsea,Downtown,Cheap,1,Low,3,Gas,1
306,3,Krunch Pizza Bar,Midtown East,Midtown,Cheap,2,Low,22,Gas,1
307,3.5,"L'Allegria",Midtown West,Midtown,Expensive,4,Low,29,Gas,1
308,4,"L'asso",SoHo,Downtown,Expensive,3,Medium,45,Wood,1
309,4.5,L.A. Pizza & Convenience,Brooklyn,Brooklyn,Cheap,2,Low,1,Gas,1
310,3.5,La Bagel,Murray Hill,Downtown,Cheap,1,Low,6,Gas,1
311,4.5,La Beleca,Chelsea,Downtown,Cheap,1,Low,1,Gas,1
312,3.5,La Bella Pizzeria,Murray Hill,Downtown,Cheap,2,Low,16,Gas,0
313,4.5,La Bella Stella,Chelsea,Downtown,Expensive,3,Low,7,Gas,1
314,3,"La Bella's",Murray Hill,Downtown,Expensive,3,Low,5,Gas,1
315,4,La Bellezza Pizzeria,Midtown East,Midtown,Cheap,2,Low,16,Gas,0
316,3,La Bottega,Chelsea,Downtown,Expensive,4,Low,24,Gas,1
317,4,La Bruschetta,Brooklyn,Brooklyn,Expensive,3,Low,6,Gas,1
318,4,La Crosta,Upper East Side,Uptown,Cheap,2,Low,14,Gas,1
319,4,La Houppa,Upper East Side,Uptown,Expensive,4,Low,8,Wood,1
320,4,La Lanterna Caffe,Village,Downtown,Cheap,2,Low,19,Gas,1
321,4,La Mia Pizza,Upper East Side,Uptown,Expensive,3,Low,17,Gas,1
322,4.5,La Nonna Pizzeria Trattoria Paninoteca,Brooklyn,Brooklyn,Cheap,2,Low,1,Gas,0
323,3.5,La Pizza Fresca Ristorante,Murray Hill,Downtown,Expensive,4,Low,12,Wood,1
324,3.5,La Pizzeria,Murray Hill,Downtown,Cheap,1,Low,13,Gas,0
325,4,La Strada,Midtown East,Midtown,Cheap,1,Low,8,Gas,1
326,3.5,La Traviata,Upper West Side,Uptown,Cheap,2,Low,15,Gas,1
327,4,LaylaJones,Brooklyn,Brooklyn,Expensive,3,Low,8,Gas,1
328,4,"Lazzara's Pizza Cafe",Chelsea,Downtown,Expensive,3,Low,13,Gas,1
329,3.5,"Lenny's Pizza",Brooklyn,Brooklyn,Cheap,2,Low,1,Gas,1
330,3.5,Lenox Hill Pizza,Upper East Side,Uptown,Cheap,2,Low,3,Gas,1
331,3.5,Leone Pizza & Pasta,Midtown West,Midtown,Expensive,3,Low,6,Wood,1
332,4,Levain Bakery,Upper West Side,Uptown,Cheap,1,Low,5,Gas,1
333,4,Liberatos Pizza,SoHo,Downtown,Cheap,2,Low,8,Gas,1
334,4,Liberty,Midtown East,Midtown,Cheap,1,Low,3,Gas,1
335,3,Liberty Pizza,Brooklyn,Brooklyn,Cheap,1,Low,4,Gas,1
336,4,"Libretto's Pizzeria & Restaurant",Murray Hill,Downtown,Expensive,3,Medium,44,Gas,0
337,4,"Lil' Frankie's",East Village/LES,Downtown,Expensive,3,Low,28,Wood,1
338,3.5,"Lisa's",SoHo,Downtown,Cheap,2,Low,11,Gas,1
339,3,Little Italy Pizza,Midtown East,Midtown,Cheap,2,Low,29,Gas,1
340,3.5,Little Italy Pizza,Midtown West,Midtown,Cheap,1,Low,5,Gas,1
341,4,Little Italy Pizza,Murray Hill,Downtown,Cheap,1,Low,15,Gas,1
342,4.5,Little Italy Pizza,SoHo,Downtown,Cheap,2,Low,4,Gas,1
343,3.5,"Little Vincent's Pizza Restaurant",Upper East Side,Uptown,Expensive,3,Low,12,Gas,1
344,3.5,"Lombardi's",SoHo,Downtown,Cheap,2,High,97,Coal,1
345,2,Luca Lounge,East Village/LES,Downtown,Expensive,3,Low,5,Gas,1
346,4.5,Lucali,Brooklyn,Brooklyn,Cheap,2,Low,4,Wood,1
347,4,Lucianos,Brooklyn,Brooklyn,Cheap,2,Low,3,Gas,1
348,4,"Luigi's",Upper East Side,Uptown,Expensive,3,Medium,41,Gas,1
349,3.5,"Luigi's",Midtown West,Midtown,Cheap,2,Low,19,Gas,1
350,3,"Luigi's Famous Pizza",Brooklyn,Brooklyn,Cheap,2,Low,9,Gas,1
351,3.5,"Luigi's Pizzeria",Brooklyn,Brooklyn,Expensive,3,Low,4,Gas,0
352,4,"Luigi's Pizzeria",Brooklyn,Brooklyn,Expensive,3,Low,3,Gas,0
353,3.5,"Luigi's Restaurant",Chelsea,Downtown,Cheap,2,Low,6,Gas,1
354,3.5,"Luigi's Restaurant",Chelsea,Downtown,Cheap,1,Low,2,Gas,1
356,4,"Luzzo's",East Village/LES,Downtown,Expensive,3,Medium,47,Coal,1
358,3,"Madrit's Pronto Pizza",Midtown West,Midtown,Expensive,3,Low,5,Gas,1
359,4,Maffei Pizza,Chelsea,Downtown,Cheap,1,Low,24,Gas,1
360,4,Majestic Pizza,SoHo,Downtown,Cheap,1,Low,8,Gas,1
361,4.5,Mamani,East Village/LES,Downtown,Cheap,1,Low,18,Gas,1
362,3,Mangia,Midtown East,Midtown,Expensive,3,Low,10,Gas,1
363,3.5,Mangia,Midtown West,Midtown,Expensive,3,Low,9,Gas,1
364,3.5,Mangia,Chelsea,Downtown,Expensive,3,Low,12,Gas,1
365,2.5,Mangia,SoHo,Downtown,Expensive,3,Low,11,Gas,1
366,3.5,Mangia E Bevi,Midtown West,Midtown,Expensive,3,Low,23,Gas,1
367,3,Manhattan Brick Oven & Grill,Upper East Side,Uptown,Cheap,2,Low,7,Gas,1
368,4,Manhattan Brick Oven & Grill,Upper East Side,Uptown,Cheap,2,Low,1,Gas,1
369,4,Mardigras Pizza,SoHo,Downtown,Expensive,3,Low,5,Gas,1
370,3,Mariella Pizza,Upper East Side,Uptown,Cheap,2,Low,8,Gas,1
371,4,Mariella Pizza,Midtown West,Midtown,Cheap,1,Low,22,Gas,1
372,4,Mariella Pizza,Midtown East,Midtown,Cheap,2,Low,19,Gas,1
373,3.5,Mariella Pizza,Murray Hill,Downtown,Cheap,1,Low,23,Gas,1
374,3.5,"Mario's Pizza",Brooklyn,Brooklyn,Cheap,1,Low,4,Gas,1
375,2.5,"Mario's Pizza III",Brooklyn,Brooklyn,Cheap,2,Low,1,Gas,1
376,4,"Mario's Pizzeria",Brooklyn,Brooklyn,Cheap,2,Low,2,Gas,0
377,4,"Mario's Trattoria",Chelsea,Downtown,Expensive,3,Low,25,Gas,1
378,5,"Mark's Pizzeria Restaurant",Brooklyn,Brooklyn,Cheap,1,Low,1,Gas,0
380,3.5,Mercury Bar,Murray Hill,Downtown,Expensive,3,Low,11,Gas,1
381,3.5,Metro Market 19,Midtown West,Midtown,Cheap,1,Low,1,Gas,1
384,4.5,Mezza Luna,Chelsea,Downtown,Cheap,1,Low,5,Gas,1
385,3.5,Mezzaluna,Upper East Side,Uptown,Expensive,4,Low,14,Wood,1
386,4,Mezzogiorno,SoHo,Downtown,Expensive,4,Low,14,Wood,1
388,2.5,"Michael's Restaurant & Pizzeria",Brooklyn,Brooklyn,Cheap,1,Low,2,Gas,0
389,4,Mike Due,Murray Hill,Downtown,Cheap,2,Low,6,Gas,1
390,4,"Mike's Pizza",Murray Hill,Downtown,Cheap,2,Low,12,Gas,1
391,3,"Milano's",Harlem,Uptown,Expensive,3,Low,1,Gas,1
392,3.5,"Mimi's Pizza Kitchen",Upper East Side,Uptown,Cheap,2,Low,26,Gas,1
393,4,Mini Munchies Pizzeria,East Village/LES,Downtown,Cheap,1,Low,7,Gas,0
394,3.5,Mitchel London Pizza,Chelsea,Downtown,Cheap,2,Low,3,Gas,1
395,4.5,"Mom's II",East Village/LES,Downtown,Expensive,3,Low,2,Gas,1
397,3,"Monty Q's",Brooklyn,Brooklyn,Expensive,3,Low,19,Gas,1
398,4,"Monty's Pizza",Brooklyn,Brooklyn,Cheap,2,Low,3,Gas,1
399,4.5,"Mookie's",Harlem,Uptown,Cheap,1,Low,2,Gas,1
400,4,Moon Pie Pizzeria,East Village/LES,Downtown,Expensive,3,Low,11,Gas,0
401,4.5,Motorino,Brooklyn,Brooklyn,Expensive,3,Low,3,Gas,1
402,3.5,Moustache,East Village/LES,Downtown,Cheap,2,Low,17,Wood,1
403,3.5,Moustache,Village,Downtown,Cheap,2,Low,22,Wood,1
404,4,"Mozzarelli's",Murray Hill,Downtown,Cheap,2,Medium,43,Gas,1
405,4,Muzzarella Pizza,East Village/LES,Downtown,Expensive,3,Low,20,Gas,1
406,3.5,"My Daddy's Pizza",SoHo,Downtown,Cheap,1,Low,7,Gas,1
407,3,My Little Pizzeria,Brooklyn,Brooklyn,Cheap,1,Low,4,Gas,0
408,3.5,Naples 45,Midtown East,Midtown,Expensive,4,Low,19,Wood,1
411,4.5,Neofytos,Upper East Side,Uptown,Cheap,1,Low,1,Gas,1
412,3.5,New Pizza Town,Upper West Side,Uptown,Cheap,1,Low,15,Gas,1
414,3,New York Improv Cafe,Midtown West,Midtown,Cheap,2,Low,1,Gas,1
415,4,New York Pizza Suprema,Chelsea,Downtown,Expensive,3,Low,13,Gas,1
416,3.5,"New York's Delicious Pizza",Murray Hill,Downtown,Cheap,1,Low,10,Gas,1
417,3.5,"Nick's",Upper East Side,Uptown,Expensive,4,Medium,47,Wood,1
418,4,"Nina's",Upper East Side,Uptown,Expensive,3,Medium,64,Gas,1
420,3.5,"Nina's Restaurant & Pizzeria",Brooklyn,Brooklyn,Cheap,2,Low,13,Gas,0
421,3,"Nino's Bellissima Pizza",Midtown East,Midtown,Expensive,3,Low,7,Gas,1
422,3.5,"Nino's Pizza",East Village/LES,Downtown,Cheap,1,Low,13,Gas,1
423,4,"Nino's Trattoria",Midtown West,Midtown,Cheap,2,Low,14,Gas,1
424,4,No. 28,Village,Downtown,Expensive,3,Low,8,Wood,1
425,4,Nolita House Restaurant & Bar,SoHo,Downtown,Expensive,3,Low,29,Wood,1
426,4,Not Rays Pizza,Brooklyn,Brooklyn,Expensive,3,Low,1,Gas,1
427,4,NY Imperial Pizza,Murray Hill,Downtown,Cheap,2,Low,19,Gas,1
428,3.5,Oh Mammamia,Upper East Side,Uptown,Expensive,3,Low,35,Gas,1
429,4,Oldcastle Pub & Restaurant,Midtown West,Midtown,Expensive,3,Low,18,Gas,1
430,4,Oliva Gourmet,SoHo,Downtown,Cheap,2,Low,13,Gas,1
431,4,Olive Vine Cafe,Brooklyn,Brooklyn,Cheap,2,Low,12,Gas,1
432,4,Olive Vine Cafe,Brooklyn,Brooklyn,Cheap,2,Low,2,Gas,1
434,3,Original Famous Pizza,SoHo,Downtown,Cheap,1,Low,3,Gas,1
435,4,Osteria al Doge,Midtown West,Midtown,Expensive,4,Low,25,Gas,1
436,3,Osteria del Circo,Midtown West,Midtown,Expensive,5,Low,13,Gas,1
437,3.5,Osteria Laguna,Midtown East,Midtown,Expensive,4,Low,15,Gas,1
438,3.5,Ottimo,Chelsea,Downtown,Expensive,5,Low,13,Gas,1
439,3.5,Otto Enoteca and Pizzeria,Village,Downtown,Expensive,3,High,146,Wood,0
440,4,"Ottomanelli's Cafe",Upper East Side,Uptown,Expensive,3,Medium,36,Gas,1
441,4,Oxford Cafe,Midtown East,Midtown,Cheap,1,Low,14,Gas,1
442,4.5,P & M Classic,Harlem,Uptown,Cheap,1,Low,3,Gas,1
443,3.5,Pacific Pizza,Brooklyn,Brooklyn,Cheap,2,Low,2,Gas,1
444,4,Pala,East Village/LES,Downtown,Expensive,3,Low,26,Gas,1
445,4,Paper Moon Express,Midtown East,Midtown,Expensive,3,Low,4,Gas,1
446,4,"Papou's Pizza",Murray Hill,Downtown,Cheap,1,Low,1,Gas,1
447,3.5,Pappardella,Upper West Side,Uptown,Expensive,4,Medium,41,Gas,1
448,3.5,Park Haven,Murray Hill,Downtown,Cheap,2,Low,1,Gas,1
449,3.5,Parkside Restaurant,Brooklyn,Brooklyn,Cheap,2,Low,1,Gas,1
450,4,Pasita,Village,Downtown,Expensive,3,Low,12,Wood,1
451,4.5,Passione,Harlem,Uptown,Cheap,1,Low,4,Gas,1
452,4,Pasta Lovers,Midtown West,Midtown,Expensive,4,Low,12,Gas,1
453,3.5,Pastafina,Murray Hill,Downtown,Cheap,2,Low,19,Gas,1
454,4,Pastafina,Upper East Side,Uptown,Cheap,2,Low,3,Gas,1
455,4.5,"Patsy's",Harlem,Uptown,Expensive,3,Low,10,Coal,1
456,3,"Patsy's Pizzeria",Murray Hill,Downtown,Expensive,3,Low,25,Coal,0
457,3.5,"Patsy's Pizzeria",Upper East Side,Uptown,Expensive,3,Low,13,Coal,0
458,3.5,"Patsy's Pizzeria",Village,Downtown,Expensive,3,Low,21,Coal,0
459,3.5,"Patsy's Pizzeria",Upper West Side,Uptown,Expensive,3,Low,32,Coal,0
460,3.5,"Patsy's Pizzeria",Midtown East,Midtown,Expensive,3,Low,25,Coal,0
461,3.5,"Patsy's Pizzeria",Chelsea,Downtown,Expensive,3,Low,20,Coal,0
462,3,Pazza Notte,Midtown West,Midtown,Expensive,4,Low,21,Gas,1
463,3,Peperoncino,Brooklyn,Brooklyn,Expensive,3,Low,14,Wood,1
464,3.5,"Peppe's Pizza & Panini",Brooklyn,Brooklyn,Cheap,2,Low,5,Gas,1
465,4,"Peppino's",Brooklyn,Brooklyn,Expensive,3,Low,2,Wood,1
466,3.5,Perfecto Ristorante,Upper West Side,Uptown,Cheap,2,Low,12,Gas,1
467,4,Petaluma,Upper East Side,Uptown,Expensive,4,Low,23,Wood,1
468,4,"Pete's-A-Place",East Village/LES,Downtown,Cheap,2,Low,20,Gas,1
469,3.5,"Phil's Pizza",Village,Downtown,Cheap,1,Low,2,Gas,1
470,4,"Piatto D'Oro",Harlem,Uptown,Expensive,3,Low,19,Gas,1
471,3,Piazza - Wrap & Roll,Upper East Side,Uptown,Expensive,3,Low,8,Gas,1
472,3.5,Picasso,SoHo,Downtown,Cheap,2,Low,9,Gas,1
473,4,Pie by the Pound,Village,Downtown,Cheap,2,Low,10,Gas,1
474,3.5,Pie by the Pound,Upper East Side,Uptown,Cheap,2,Low,3,Gas,1
475,3.5,Pietrasanta,Midtown West,Midtown,Expensive,3,Medium,38,Gas,1
476,4,"Pinch & S'Mac",Upper West Side,Uptown,Cheap,2,Low,19,Gas,1
477,3,Pinnacle,Upper West Side,Uptown,Cheap,1,Low,14,Gas,1
478,3.5,"Pino's La Forchetta",Brooklyn,Brooklyn,Cheap,2,Low,9,Gas,1
480,4,"Pintaile's Pizza",Upper East Side,Uptown,Expensive,3,Low,18,Gas,1
481,4,"Pintaile's Pizza",Upper East Side,Uptown,Cheap,1,Low,19,Gas,1
482,4,Piola,Village,Downtown,Expensive,3,Low,28,Wood,1
483,3.5,Pipitone Pizzeria,Brooklyn,Brooklyn,Cheap,1,Low,4,Gas,0
484,3.5,Pisa Pizza,Upper East Side,Uptown,Cheap,2,Low,9,Gas,1
485,3.5,Pisa Pizza,Upper East Side,Uptown,Cheap,1,Low,5,Gas,1
486,3.5,Pizza & Pasta Delight,SoHo,Downtown,Expensive,3,Low,6,Gas,1
487,4,Pizza & Pita,Murray Hill,Downtown,Cheap,2,Low,17,Gas,1
489,4,Pizza Booth,Village,Downtown,Cheap,1,Low,11,Gas,1
490,4,Pizza Cave,Upper West Side,Uptown,Cheap,1,Low,6,Gas,1
492,4,Pizza Express,SoHo,Downtown,Cheap,1,Low,1,Gas,1
494,3.5,Pizza Gruppo,East Village/LES,Downtown,Cheap,2,Low,33,Gas,1
495,2,Pizza Haven,Harlem,Uptown,Cheap,2,Low,1,Gas,1
496,4,Pizza Italia,SoHo,Downtown,Cheap,1,Low,11,Gas,1
497,4,Pizza Lucca,Village,Downtown,Cheap,2,Low,5,Gas,1
498,4,Pizza Mercato,Village,Downtown,Cheap,1,Low,9,Gas,1
499,4,Pizza Mercato,Murray Hill,Downtown,Cheap,2,Low,3,Gas,1
501,4,Pizza Nova,Harlem,Uptown,Cheap,2,Low,4,Gas,1
502,3,Pizza Nova,Harlem,Uptown,Cheap,1,Low,3,Gas,1
503,3.5,Pizza Nova,Upper East Side,Uptown,Cheap,2,Low,12,Gas,1
504,3.5,Pizza Paradise,Chelsea,Downtown,Cheap,1,Low,2,Gas,1
505,4,Pizza Park,Upper East Side,Uptown,Cheap,2,Low,34,Gas,1
506,4,Pizza Piazza,Harlem,Uptown,Expensive,3,Low,2,Gas,1
507,1.5,Pizza Plus,Harlem,Uptown,Expensive,3,Low,2,Gas,1
508,3.5,Pizza Plus,Brooklyn,Brooklyn,Cheap,2,Low,14,Gas,1
509,3.5,Pizza Plus,Midtown West,Midtown,Cheap,2,Low,2,Gas,1
510,3.5,Pizza Rustica,Midtown East,Midtown,Cheap,2,Low,15,Gas,1
511,3.5,Pizza Rustica,Midtown East,Midtown,Cheap,2,Low,11,Gas,1
512,3.5,Pizza Shack,East Village/LES,Downtown,Cheap,1,High,73,Gas,1
513,4,Pizza Town II,Chelsea,Downtown,Cheap,1,Low,7,Gas,1
514,4.5,Pizza Villagio Cafe,Midtown West,Midtown,Cheap,2,Low,1,Gas,1
515,3.5,PizzaBolla,SoHo,Downtown,Expensive,3,Low,11,Gas,1
516,4,Pizzanini,East Village/LES,Downtown,Cheap,2,Low,5,Gas,1
518,4,Pizzatown,Brooklyn,Brooklyn,Cheap,1,Low,1,Gas,1
519,3.5,Pizzeria 123,Harlem,Uptown,Expensive,3,Low,9,Gas,0
520,4.5,Pizzeria 1889,East Village/LES,Downtown,Cheap,1,Low,1,Gas,0
521,2.5,Pizzeria UNO,Upper East Side,Uptown,Cheap,2,Low,19,Gas,0
523,3,Pomodoro Ristorante,SoHo,Downtown,Expensive,3,Low,31,Gas,1
524,3.5,Portfolio Restaurant,Chelsea,Downtown,Expensive,3,Low,19,Gas,1
525,3.5,"Portobello's",SoHo,Downtown,Cheap,2,Low,11,Gas,1
527,3,Portofino,Midtown East,Midtown,Cheap,2,Low,5,Gas,1
528,3.5,Posto,Murray Hill,Downtown,Cheap,2,Medium,56,Gas,1
529,4,Pranzo,SoHo,Downtown,Cheap,1,Low,6,Gas,1
530,4,Presidential Pizza,Harlem,Uptown,Cheap,1,Low,6,Gas,1
531,3.5,Primavera Pizza & Pasta,Midtown East,Midtown,Expensive,3,Low,6,Gas,1
532,4.5,Princess Pizzeria & Restaurant,Brooklyn,Brooklyn,Expensive,3,Low,2,Gas,0
533,5,Pronto Pizza,Chelsea,Downtown,Cheap,1,Low,1,Gas,1
534,3.5,Pronto Pizza,Chelsea,Downtown,Expensive,3,Low,2,Gas,1
536,3,Pronto Pizza,Midtown West,Midtown,Cheap,1,Low,2,Gas,1
537,3.5,Puglia Ristorante,SoHo,Downtown,Expensive,3,Medium,41,Gas,1
538,4,R. Casa Nova,Midtown West,Midtown,Expensive,3,Low,1,Gas,1
539,4,"Ralph's",Midtown West,Midtown,Expensive,3,Medium,41,Gas,1
540,3.5,Ray Bari Pizza,Upper East Side,Uptown,Cheap,2,Low,8,Gas,1
541,2.5,Ray Bari Pizza,Midtown East,Midtown,Cheap,2,Low,2,Gas,1
542,3.5,"Ray's",SoHo,Downtown,Cheap,2,Low,9,Gas,1
543,4,"Ray's Pizza",Upper West Side,Uptown,Cheap,1,Low,11,Gas,1
545,4,Redstone Pizzeria,Midtown East,Midtown,Cheap,1,Low,4,Gas,0
547,4,Rigoletto Pizza & Pasta,Upper West Side,Uptown,Expensive,3,Low,14,Gas,1
548,3.5,Rino Trattoria,Midtown West,Midtown,Expensive,3,Low,29,Gas,1
549,4,Riposo 46,Midtown West,Midtown,Expensive,3,Low,1,Gas,1
550,3.5,Risotteria,Village,Downtown,Expensive,3,Medium,44,Gas,1
551,4,Ristorante La Grolla,Upper West Side,Uptown,Expensive,4,Low,19,Gas,1
552,4,Rivoli Pizza,Village,Downtown,Cheap,1,Low,4,Gas,1
553,4,Rivoli Pizza II,Village,Downtown,Cheap,2,Low,4,Gas,1
554,4.5,"Roberta's Pizza",Brooklyn,Brooklyn,Cheap,2,Low,5,Wood,1
555,3.5,"Rocco's Pizza Joint",Chelsea,Downtown,Cheap,2,Low,9,Gas,1
556,3,"Rocket Joe's East",East Village/LES,Downtown,Cheap,2,Low,1,Gas,1
557,3.5,"Rocky's Italian Restaurant",SoHo,Downtown,Expensive,3,Low,15,Gas,1
558,4,"Rocky's Number II",Murray Hill,Downtown,Cheap,1,Low,20,Gas,1
560,5,Roma Pizza,Brooklyn,Brooklyn,Expensive,3,Low,2,Gas,1
561,3.5,"Roma's Pizza",Upper East Side,Uptown,Expensive,3,Low,26,Gas,1
562,3,"Rosa's Pizza",Chelsea,Downtown,Cheap,1,Low,2,Gas,1
563,4,"Rosa's Pizza",Murray Hill,Downtown,Cheap,2,Low,12,Gas,1
564,3,"Rosa's Pizzeria",Murray Hill,Downtown,Cheap,1,Low,2,Gas,0
566,4,"Rosario's Pizza",East Village/LES,Downtown,Cheap,1,Low,15,Gas,1
567,4,"Rosella's Pizzeria",SoHo,Downtown,Expensive,3,Low,6,Gas,0
568,3,"Rossetti's Pizza",SoHo,Downtown,Cheap,1,Low,1,Gas,1
569,4,Royal Pizza,Murray Hill,Downtown,Cheap,2,Low,1,Gas,1
570,3.5,Rudy Pizza,SoHo,Downtown,Cheap,1,Low,2,Gas,1
571,4,Russ,Brooklyn,Brooklyn,Cheap,2,Low,2,Gas,1
572,4,S&S Brooklyn Pizza,Brooklyn,Brooklyn,Cheap,2,Low,1,Gas,1
573,3,S.S. Brooklyn Pizza,Brooklyn,Brooklyn,Expensive,3,Low,3,Gas,1
574,4,Sacco Pizza,Midtown West,Midtown,Expensive,3,Low,29,Gas,1
575,3.5,"Sal & Carmine's Pizza",Upper West Side,Uptown,Cheap,2,Low,14,Gas,1
576,4,"Sal's",East Village/LES,Downtown,Cheap,2,Low,10,Gas,1
577,4,"Sal's",SoHo,Downtown,Cheap,2,Low,14,Gas,1
578,3.5,"Sal's Pizza",Upper East Side,Uptown,Cheap,2,Low,4,Wood,1
579,3.5,"Sal's Pizzeria",Brooklyn,Brooklyn,Expensive,3,Low,7,Gas,0
580,3.5,"Sal's Pizzeria",Brooklyn,Brooklyn,Expensive,3,Low,5,Gas,0
581,4.5,Sale & Pepe,SoHo,Downtown,Cheap,1,Low,4,Gas,1
583,3.5,Salute!,Murray Hill,Downtown,Expensive,5,Low,27,Gas,1
584,3,"Sam's Pizza",Brooklyn,Brooklyn,Cheap,1,Low,6,Gas,1
585,4,San Marco,Brooklyn,Brooklyn,Cheap,1,Low,7,Gas,1
586,3.5,Savoia,Brooklyn,Brooklyn,Expensive,3,Low,9,Wood,1
587,4,"Schmook's Pizza",Brooklyn,Brooklyn,Cheap,2,Low,7,Gas,1
588,3.5,Serafina at The Time,Midtown West,Midtown,Expensive,4,Low,3,Gas,1
589,3.5,Serafina Broadway,Midtown West,Midtown,Expensive,4,Medium,44,Wood,1
590,3.5,Serafina Fabulous Grill,Upper East Side,Uptown,Expensive,4,Low,20,Wood,1
591,3,Serafina Fabulous Pizza,Upper East Side,Uptown,Expensive,4,Low,19,Wood,1
592,3.5,Serafina Lafayette,Village,Downtown,Expensive,4,Low,16,Wood,1
596,3.5,Siena Pizza,Chelsea,Downtown,Cheap,1,Low,2,Gas,1
597,4.5,Simple Cafe,Brooklyn,Brooklyn,Cheap,2,Low,4,Gas,1
598,4,Simply Pasta,Chelsea,Downtown,Expensive,3,Medium,54,Gas,1
599,3.5,Singas Pizza,East Village/LES,Downtown,Cheap,1,Low,18,Gas,1
600,3.5,"Slice, The Perfect Food",Upper East Side,Uptown,Cheap,2,Medium,40,Gas,1
601,3.5,Smiling Pizzeria,Brooklyn,Brooklyn,Cheap,2,Low,9,Gas,0
602,4,Solo Pizza,East Village/LES,Downtown,Cheap,2,Low,8,Gas,1
604,2,South Brooklyn Pizza,Brooklyn,Brooklyn,Cheap,2,Low,3,Coal,1
605,4,Spaghetti Western,SoHo,Downtown,Expensive,3,Low,9,Gas,1
606,2,Spicy Pickle,Brooklyn,Brooklyn,Cheap,2,Low,4,Gas,1
607,3,"Spinelli's Pizza",Chelsea,Downtown,Cheap,1,Low,4,Gas,1
609,3.5,"Stella's Pizza",Chelsea,Downtown,Cheap,1,Low,9,Gas,1
610,3.5,"Steve's Pizza",SoHo,Downtown,Cheap,1,Low,6,Gas,1
611,3,Strokos Pizza,Upper West Side,Uptown,Cheap,2,Low,15,Gas,1
612,4,Stromboli Pizza,East Village/LES,Downtown,Expensive,3,Low,18,Gas,1
613,3.5,Stromboli Pizzeria,Village,Downtown,Cheap,1,Low,3,Gas,0
614,3.5,Sun Deli & Pizzeria,Harlem,Uptown,Expensive,3,Low,1,Gas,0
615,4,Sutton Pizza & Gyro,Upper East Side,Uptown,Cheap,2,Low,13,Gas,1
616,3,Sutton Place,Midtown East,Midtown,Expensive,3,Low,3,Gas,1
617,3.5,T & R Pizza,Upper West Side,Uptown,Cheap,2,Low,8,Gas,1
618,4,Telio,Upper West Side,Uptown,Expensive,3,Low,7,Gas,1
619,3,"Teresa's",Murray Hill,Downtown,Cheap,1,Low,5,Gas,1
620,3.5,"Teresa's",Midtown East,Midtown,Cheap,1,Low,3,Gas,1
622,3,"That's Amore Pizza",Murray Hill,Downtown,Expensive,3,Low,1,Gas,1
623,4,"That's Amore Pizza",Harlem,Uptown,Cheap,2,Low,4,Gas,1
624,3.5,"The Bagel Cafe/Ray's Pizza",East Village/LES,Downtown,Cheap,2,Low,9,Gas,1
625,4,The Brooklyn Pizza Factory,Brooklyn,Brooklyn,Cheap,2,Low,1,Gas,1
626,3.5,The Grotto,SoHo,Downtown,Cheap,2,Low,12,Gas,1
627,4.5,The House of Pizza & Calzones,Brooklyn,Brooklyn,Expensive,4,Low,6,Gas,1
628,4.5,The Lucky Cat,Brooklyn,Brooklyn,Cheap,2,Low,1,Gas,1
630,4.5,The Pizza Shop,East Village/LES,Downtown,Cheap,2,Low,19,Gas,1
631,4.5,The Pizzeria,Village,Downtown,Cheap,1,Low,9,Gas,0
632,4,The Ultimate Pizza,Midtown East,Midtown,Cheap,2,Low,32,Gas,1
633,3.5,Three of Cups,East Village/LES,Downtown,Expensive,3,Low,23,Wood,1
634,3.5,"Toby's Public House",Brooklyn,Brooklyn,Expensive,3,Low,6,Gas,1
635,3,"Tom's",Harlem,Uptown,Cheap,1,Low,6,Gas,1
636,4,Tomato-N-Basil Pizza,Brooklyn,Brooklyn,Cheap,2,Low,7,Wood,1
637,4.5,Tommys,Harlem,Uptown,Cheap,2,Low,3,Gas,1
638,4,Tonic,Midtown West,Midtown,Expensive,3,Low,2,Gas,1
639,4,"Tony's",Murray Hill,Downtown,Cheap,2,Low,8,Gas,1
640,4,"Tony's Pizza",Brooklyn,Brooklyn,Expensive,3,Low,8,Gas,1
641,3.5,"Tony's Pizza",Chelsea,Downtown,Cheap,1,Low,3,Gas,1
642,3.5,"Tony's Pizza & Pasta",Harlem,Uptown,Cheap,1,Low,2,Gas,1
643,4,Torino,Midtown West,Midtown,Cheap,1,Low,24,Gas,1
644,3,"Totonno's",Upper East Side,Uptown,Expensive,3,Medium,44,Coal,1
645,3,"Totonno's",Murray Hill,Downtown,Expensive,3,Low,30,Coal,1
646,4,Tramonti,Midtown West,Midtown,Expensive,3,Low,18,Gas,1
647,3.5,Trattoria Mangia,Brooklyn,Brooklyn,Expensive,3,Low,9,Gas,1
648,4.5,Trattoria Toscana,Village,Downtown,Expensive,3,Low,8,Gas,1
649,4,Tre Giovani,Village,Downtown,Cheap,2,Low,19,Gas,1
650,4,Triangolo Pizza,Brooklyn,Brooklyn,Cheap,2,Low,4,Gas,1
651,2,Tribeca Pizzeria,SoHo,Downtown,Expensive,3,Low,15,Gas,0
652,4,Tropicalia,Upper East Side,Uptown,Cheap,1,Low,5,Gas,1
653,3.5,Tuscany,Midtown West,Midtown,Cheap,2,Low,8,Gas,1
654,4,Tutta Pasta,Brooklyn,Brooklyn,Expensive,3,Low,13,Gas,1
655,3.5,Tutto Bene,Village,Downtown,Cheap,2,Low,4,Gas,1
656,2,Twins Pizza House,Brooklyn,Brooklyn,Cheap,2,Low,3,Gas,1
657,3,Two Boots,Midtown West,Midtown,Cheap,2,Low,5,Gas,1
658,3.5,Two Boots,East Village/LES,Downtown,Cheap,2,Low,7,Gas,1
659,3,Two Boots,Midtown East,Midtown,Cheap,2,Low,13,Gas,1
660,3.5,Two Boots,Village,Downtown,Expensive,3,Low,5,Gas,1
661,3.5,Two Boots of Brooklyn,Brooklyn,Brooklyn,Expensive,3,Low,7,Gas,1
662,3.5,Two Boots Pizzeria,East Village/LES,Downtown,Cheap,2,Low,8,Gas,0
663,3,Two Boots West,Village,Downtown,Cheap,2,Low,7,Gas,1
664,4,Two Guys Pizza,Chelsea,Downtown,Cheap,1,Low,2,Gas,1
665,2.5,Una Pizza Napoletana,East Village/LES,Downtown,Expensive,3,Medium,53,Wood,1
666,4.5,Underground Pizza Two,SoHo,Downtown,Cheap,1,Low,5,Gas,1
667,4,Uptown Restaurant & Lounge,Upper East Side,Uptown,Expensive,4,Low,30,Gas,1
668,4,USA Pizza,Murray Hill,Downtown,Cheap,1,Low,8,Gas,1
669,4,V & R Pizzeria,Brooklyn,Brooklyn,Cheap,1,Low,1,Gas,0
670,3.5,V & T Pizza,Upper West Side,Uptown,Expensive,3,Medium,37,Gas,1
671,3.5,Val Diano,Brooklyn,Brooklyn,Cheap,2,Low,6,Gas,1
672,4,Vezzo,Murray Hill,Downtown,Cheap,2,Medium,45,Gas,1
673,4,"Vic's Pizza",East Village/LES,Downtown,Cheap,1,Low,2,Gas,1
674,4,Villa Pizza,Midtown West,Midtown,Cheap,1,Low,7,Gas,1
675,3,Village 38,Chelsea,Downtown,Cheap,1,Low,12,Gas,1
676,3,Village Restaurant,East Village/LES,Downtown,Cheap,1,Low,3,Gas,1
677,3,Villaggio,East Village/LES,Downtown,Cheap,2,Low,7,Gas,1
678,3.5,"Vincent's",SoHo,Downtown,Expensive,3,Low,24,Gas,1
679,4,"Vinci's",Upper East Side,Uptown,Cheap,2,Low,21,Gas,1
680,3.5,Vinegar Hill,Harlem,Uptown,Cheap,2,Medium,39,Gas,1
681,4.5,"Vinnie's Pizzeria",Brooklyn,Brooklyn,Cheap,2,Low,7,Gas,0
683,3.5,Vinny Vincenz,East Village/LES,Downtown,Cheap,2,Low,32,Gas,1
684,3,"Vinny's Pizzeria",Brooklyn,Brooklyn,Cheap,1,Low,3,Gas,0
685,4,Viva Herbal Pizzeria,East Village/LES,Downtown,Cheap,2,Low,17,Gas,0
686,3.5,"Waldy's",Chelsea,Downtown,Cheap,1,Low,28,Wood,1
687,3.5,Water Street Deli & Pizza,SoHo,Downtown,Cheap,1,Low,7,Gas,1
688,3.5,"Wimpy's I",Harlem,Uptown,Cheap,1,Low,6,Gas,1
689,4.5,"Wimpy's III",Harlem,Uptown,Cheap,1,Low,12,Gas,1
692,3.5,World Pie,Brooklyn,Brooklyn,Cheap,1,Low,3,Gas,1
693,4,York Pizza & Pita Cafe,Upper East Side,Uptown,Cheap,2,Low,1,Gas,1
694,4.5,York Villa Pizzeria,Upper East Side,Uptown,Cheap,2,Low,5,Gas,0
696,3.5,Zesty Pizza & Deli,Upper East Side,Uptown,Cheap,2,Low,25,Gas,1
697,3.5,Zeytinz,Chelsea,Downtown,Cheap,1,Low,2,Gas,1
698,3.5,Zeytuna,SoHo,Downtown,Expensive,3,Low,22,Gas,1
699,4,"Zorba's Pizza",Upper East Side,Uptown,Cheap,2,Low,8,Gas,1
